{"cameraMode":{"drawMode":0,"name":"Shaded","section":"Shading Mode"},"sceneLighting":true,"audioPlay":false,"sceneViewState":{"showFog":true,"showMaterialUpdate":false,"showSkybox":true,"showFlares":true,"showImageEffects":true,"showParticleSystems":true},"in2DMode":false,"pivot":{"x":28.591745376586915,"y":7.0870890617370609,"z":43.77595901489258},"rotation":{"x":-0.01802033931016922,"y":0.9819375276565552,"z":-0.1337006390094757,"w":-0.1333244889974594},"size":3.303403615951538,"orthographic":false}