{"cameraMode":{"drawMode":0,"name":"Shaded","section":"Shading Mode"},"sceneLighting":false,"audioPlay":false,"sceneViewState":{"showFog":true,"showMaterialUpdate":false,"showSkybox":false,"showFlares":true,"showImageEffects":true,"showParticleSystems":true},"in2DMode":false,"pivot":{"x":3.3519999980926515,"y":1.1019999980926514,"z":2.3399999141693117},"rotation":{"x":-0.1950499564409256,"y":0.5566254258155823,"z":-0.13641349971294404,"w":-0.7960101366043091},"size":2.857893466949463,"orthographic":false}