{"cameraMode":{"drawMode":0,"name":"Shaded","section":"Shading Mode"},"sceneLighting":true,"audioPlay":false,"sceneViewState":{"showFog":true,"showMaterialUpdate":false,"showSkybox":true,"showFlares":true,"showImageEffects":true,"showParticleSystems":true},"in2DMode":false,"pivot":{"x":31.693037033081056,"y":19.511783599853517,"z":-43.92214584350586},"rotation":{"x":0.24727217853069306,"y":-0.27973270416259768,"z":0.07491336017847061,"w":0.924762487411499},"size":9.817337036132813,"orthographic":false}